ip_address,sender_id,delay
127.0.0.2:5000,U1,3
127.0.0.2:5000,U1,2
127.0.0.2:5000,U1,2
127.0.0.2:5000,U1,1
127.0.0.2:5000,U1,3
127.0.0.2:5001,U2,2
127.0.0.2:5001,U2,1
127.0.0.2:5001,U2,3
127.0.0.2:5001,U2,1
127.0.0.2:5001,U2,1
127.0.0.2:5001,U2,2
127.0.0.2:5001,U2,2
127.0.0.2:5002,U3,3
127.0.0.2:5002,U3,3
127.0.0.2:5002,U3,2
127.0.0.2:5003,U4,1
127.0.0.2:5003,U4,2
127.0.0.2:5003,U4,1
127.0.0.2:5003,U4,2
127.0.0.2:5003,U4,3
127.0.0.2:5003,U4,2
127.0.0.2:5003,U4,3
127.0.0.2:5003,U4,1
127.0.0.2:5004,U5,3
127.0.0.2:5004,U5,2
127.0.0.2:5004,U5,3
127.0.0.2:5004,U5,1
127.0.0.2:5004,U5,1
127.0.0.2:5004,U5,2
127.0.0.2:5004,U5,1
127.0.0.2:5005,U6,2
127.0.0.2:5005,U6,2
127.0.0.2:5005,U6,1
127.0.0.2:5005,U6,1
127.0.0.2:5006,U7,3
127.0.0.2:5006,U7,1
127.0.0.2:5007,U8,2
127.0.0.2:5007,U8,2
127.0.0.2:5007,U8,3
127.0.0.2:5007,U8,1
127.0.0.2:5007,U8,1
127.0.0.2:5007,U8,3
127.0.0.2:5007,U8,1
127.0.0.2:5007,U8,3
127.0.0.2:5007,U8,1
127.0.0.2:5008,U9,2
127.0.0.2:5009,U10,1
127.0.0.2:5009,U10,2
127.0.0.2:5009,U10,3
127.0.0.2:5009,U10,1
127.0.0.2:5009,U10,2
127.0.0.2:5009,U10,2
127.0.0.2:5009,U10,1
127.0.0.2:5009,U10,3
127.0.0.2:5009,U10,3
